place_in_repository,sum_en,sum_kk,sum_mn,place_en,place_kk,place_mn,aimag,aimag_kk,aimag_mn
Bugat Sum,,,,,,,,,
Bulgan Sum,,,,,,,,,
Bulgan Sum center,,,,,,,,,
"Bulgan Sum, Dund Jargalant",,,,,,,,,
"Bulgan Sum, Dundtomort, Khargayt",,,,,,,,,
"Bulgan Sum, Dundtomort, Khorj",,,,,,,,,
"Bulgan Sum, Dundtömirt",,,,,,,,,
"Bulgan Sum, Ikh Jargalant",,,,,,,,,
"Bulgan Sum, Ikh Tömirt",,,,,,,,,
"Bulgan Sum, Indert",,,,,,,,,
"Bulgan Sum, Khuyten Khoshuu",,,,,,,,,
"Bulgan Sum, Qara Kol",,,,,,,,,
"Bulgan Sum, Saykhan",,,,,,,,,
"Bulgan Sum, Turgen",,,,,,,,,
"Bulgan Sum, Tuulait",,,,,,,,,
"Bulgan Sum, Tuulayt",,,,,,,,,
"Bulgan Sum, Tuulayt, Danzin Kharagai",,,,,,,,,
"Bulgan Sum, Tuulayt, Khujirlikh",,,,,,,,,
"Bulgan Sum, Ulaagchin",,,,,,,,,
"Bulgan Sum, Ulaandavaa",,,,,,,,,
"Bulgan Sum, Yolt",,,,,,,,,
"Bulgan, Dundtömirt",,,,,,,,,
Deluun Sum,,,,,,,,,
Deluun Sum center,,,,,,,,,
"Deluun Sum, Bulagt",,,,,,,,,
Delvvn Center,,,,,,,,,
Delvvn Sum,,,,,,,,,
Delvvn Sum center,,,,,,,,,
"Delvvn Sum, Bulagt",,,,,,,,,
Khovd,,,,,,,,,
Khovd Sum,,,,,,,,,
Khovd Sum Center,,,,,,,,,
"Khovd Sum, Buyan Bulag",,,,,,,,,
"Khovd Sum, Orgon Shireg",,,,,,,,,
"Khovd Sum, Ortasu",,,,,,,,,
"Khovd Sum, Tsaagaanburgas",,,,,,,,,
near Dayan Lake,,,,,,,,,
"Nogonnuur Sum, Basky Kopir",,,,,,,,,
"Nogoonnur Sum, Khara Mandai",,,,,,,,,
Nogoonnuur Sum,,,,,,,,,
Nogoonnuur Sum Baski Kopir,,,,,,,,,
"Nogoonnuur Sum, Baski Kopir",,,,,,,,,
"Nogoonnuur Sum, Basky Kopir",,,,,,,,,
"Nogoonnuur Sum, Bugat, Toshant",,,,,,,,,
"Nogoonnuur Sum, Burkitbay Tobe",,,,,,,,,
"Nogoonnuur Sum, Khara Manday",,,,,,,,,
"Nogoonnuur Sum, Khara Manday, Bastau",,,,,,,,,
"Nogoonnuur Sum, Khara Manday, Buyra",,,,,,,,,
"Nogoonnuur Sum, Khara Manday, Koskol",,,,,,,,,
"Nogoonnuur Sum, Khara Manday, Qara Tobe",,,,,,,,,
"Nogoonnuur Sum, Khiratbay Tobe",,,,,,,,,
"Nogoonnuur Sum, Khiratbey Tobe",,,,,,,,,
"Nogoonnuur Sum, Kire Jamat",,,,,,,,,
"Nogoonnuur Sum, Shirekt",,,,,,,,,
"Nogoonnuur Sum, Temir Kopir",,,,,,,,,
"Nogoonnuur Sum, Temir Kopir.",,,,,,,,,
"Nogoonnuur Sum, Toshant",,,,,,,,,
"Nogoonnuur Sum, Zoolon",,,,,,,,,
"Nogoonnuur, Khara Manday, Koskol",,,,,,,,,
"Nogoonuur Sum, Khara Manday",,,,,,,,,
"Recorded in Nogoonnuur Sum, Khara Manday, Koskol.",,,,,,,,,
Sagsai center,,,,,,,,,
Sagsai Sum Center,,,,,,,,,
"Sagsai Sum, Dayan",,,,,,,,,
"Sagsai, Dayan",,,,,,,,,
Sagsay Sum,,,,,,,,,
Sagsay Sum Center,,,,,,,,,
"Sagsay Sum, Akkhorim",,,,,,,,,
"Sagsay Sum, Arkhalykh",,,,,,,,,
"Sagsay Sum, Dayan Arkhalykh",,,,,,,,,
"Sagsay Sum, Dayan Esik",,,,,,,,,
"Sagsay Sum, Eki Boken",,,,,,,,,
"Sagsay Sum, Ekiboken",,,,,,,,,
"Sagsay Sum, Jalanash",,,,,,,,,
"Sagsay Sum, Turgan",,,,,,,,,
Tsagaannuur Tosgon,,,,,,,,,
Tsagaannuur Tosgon Center,,,,,,,,,
"Tsagaannuur Tosgon, Ortakul",,,,,,,,,
Ulaankhus Sum,,,,,,,,,
"Ulaankhus Sum, Baige Tobe",,,,,,,,,
"Ulaankhus Sum, Sogaq",,,,,,,,,
"Ulaankhus Sum, Tasty Bulaq",,,,,,,,,
"Ulaankhus Sum, Tasty Bylaq",,,,,,,,,
"Ulaankhus, Sogaq",,,,,,,,,
Ölgii,,,,,,,,,
Ölgii city,,,,,,,,,
Ölgii Sum,,,,,,,,,
"Bugat Sum/Бугат сұмын, Bayan Ölgii",Bugat Sum,Бугат сұмын,,,,,Bayan Ölgii,,
"Bulgan, Dundtömirt/Бұлғын, Дунд Төмөрт, Bayan Ölgii",Bulgan,,,"Dundtömirt, Дунд Төмөрт",Бұлғын,,Bayan Ölgii,,
"Bulgan Sum/Бұлғын сұмын, Bayan Ölgii",Bulgan Sum,Бұлғын сұмын,,,,,Bayan Ölgii,,
"Bulgan Sum/Бұлғын сұмыны, Bayan Ölgii",Bulgan Sum,Бұлғын сұмыны,,,,,Bayan Ölgii,,
"Bulgan Sum, Dund Jargalant/Бұлғын сұмын, Дунд Жаргалант, Bayan Ölgii",Bulgan Sum,,,"Dund Jargalant, Дунд Жаргалант",Бұлғын сұмын,,Bayan Ölgii,,
"Bulgan Sum, Dund Jargalant /Бұлғын сұмын, Дунд Жаргалант, Bayan Ölgii",Bulgan Sum,,,"Dund Jargalant, Дунд Жаргалант",Бұлғын сұмын,,Bayan Ölgii,,
"Bulgan Sum, Dundtomort, Khargayt/Булган сум, Дунд Төмөрт, Харгайт, Bayan Ölgii",Bulgan Sum,,,"Dundtomort, Khargayt, Дунд Төмөрт, Харгайт",Булган сум,,Bayan Ölgii,,
"Bulgan Sum, Dundtomort, Khorj/Булган сум, Дунд Төмөрт, Хорж, Bayan Ölgii",Bulgan Sum,,,"Dundtomort, Khorj, Дунд Төмөрт, Хорж",Булган сум,,Bayan Ölgii,,
"Bulgan Sum, Dundtömirt/Бұлғын сұмыны, Дунд Төмөрт, Bayan Ölgii",Bulgan Sum,,,"Dundtömirt, Дунд Төмөрт",Бұлғын сұмыны,,Bayan Ölgii,,
"Bulgan Sum, Ikh Jargalant/Бұлғын сұмын, Их Жаргалант, Bayan Ölgii",Bulgan Sum,,,"Ikh Jargalant, Их Жаргалант",Бұлғын сұмын,,Bayan Ölgii,,
"Bulgan Sum, Ikh Tömirt/Бұлғын сұмыны, Их Төмөрт, Bayan Ölgii",Bulgan Sum,,,"Ikh Tömirt, Их Төмөрт",Бұлғын сұмыны,,Bayan Ölgii,,
"Bulgan Sum, Ikh Tömirt/Булган сум, Их Төмөрт, Bayan Ölgii",Bulgan Sum,,,"Ikh Tömirt, Их Төмөрт",Булган сум,,Bayan Ölgii,,
"Bulgan Sum, Indert/Бұлғын сұмын, Индэрт, Bayan Ölgii",Bulgan Sum,,,"Indert, Индэрт",Бұлғын сұмын,,Bayan Ölgii,,
"Bulgan Sum, Khuyten Khoshuu/Бұлғын сұмыны, Хүйтэн хошуу, Bayan Ölgii",Bulgan Sum,,,"Khuyten Khoshuu, Хүйтэн хошуу",Бұлғын сұмыны,,Bayan Ölgii,,
"Bulgan Sum, Qara Kol/Бұлғын сұмын, Қара көл, Bayan Ölgii",Bulgan Sum,,,"Qara Kol, Қара көл",Бұлғын сұмын,,Bayan Ölgii,,
"Bulgan Sum, Saykhan/Бұлғын сұмыны, Сайхан, Bayan Ölgii",Bulgan Sum,,,"Saykhan, Сайхан",Бұлғын сұмыны,,Bayan Ölgii,,
"Bulgan Sum, Saykhan/Бұлғын сұмын, Сайхан, Bayan Ölgii",Bulgan Sum,,,"Saykhan, Сайхан",Бұлғын сұмын,,Bayan Ölgii,,
"Bulgan Sum, Turgen/Бұлғын сұмын, Түргэн, Bayan Ölgii",Bulgan Sum,,,"Turgen, Түргэн",Бұлғын сұмын,,Bayan Ölgii,,
"Bulgan Sum, Tuulait/Бұлғын сұмыны, Туулайт, Bayan Ölgii",Bulgan Sum,,,"Tuulait, Туулайт",Бұлғын сұмыны,,Bayan Ölgii,,
"Bulgan Sum, Tuulayt/Бұлғын сұмын, Bayan Ölgii",Bulgan Sum,,,Tuulayt,Бұлғын сұмын,,Bayan Ölgii,,
"Bulgan Sum, Tuulayt, Danzin Kharagai/Бұлғын сұмын, Туулайт, Данзан Қарағай, Bayan Ölgii",Bulgan Sum,,,"Tuulayt, Danzin Kharagai, Туулайт, Данзан Қарағай",Бұлғын сұмын,,Bayan Ölgii,,
"Bulgan Sum, Tuulayt, Khujirlikh/Бұлғын сұмын, Туулайт, Құжырлық, Bayan Ölgii",Bulgan Sum,,,"Tuulayt, Khujirlikh, Туулайт, Құжырлық",Бұлғын сұмын,,Bayan Ölgii,,
"Bulgan Sum, Tuulayt/Бұлғын сұмын, Туулайт, Bayan Ölgii",Bulgan Sum,,,"Tuulayt, Туулайт",Бұлғын сұмын,,Bayan Ölgii,,
"Bulgan Sum, Tuulayt/Бұлғын сұмыны, Туулайт, Bayan Ölgii",Bulgan Sum,,,"Tuulayt, Туулайт",Бұлғын сұмыны,,Bayan Ölgii,,
"Bulgan Sum, Tuulayt /Бұлғын сұмыны, Туулайт, Bayan Ölgii",Bulgan Sum,,,"Tuulayt, Туулайт",Бұлғын сұмыны,,Bayan Ölgii,,
"Bulgan Sum, Ulaagchin/Бұлғын сұмыны, Улаагчин, Bayan Ölgii",Bulgan Sum,,,"Ulaagchin, Улаагчин",Бұлғын сұмыны,,Bayan Ölgii,,
"Bulgan Sum, Ulaandavaa/Бұлғын сұмын, Улаандаваада, Bayan Ölgii",Bulgan Sum,,,"Ulaandavaa, Улаандаваада",Бұлғын сұмын,,Bayan Ölgii,,
"Bulgan Sum, Yolt/Бұлғын сұмын, Ёлт, Bayan Ölgii",Bulgan Sum,,,"Yolt, Ёлт",Бұлғын сұмын,,Bayan Ölgii,,
"Bulgan Sum center/Бұлғын сұмын орталығы, Bayan Ölgii",Bulgan Sum center,Бұлғын сұмын орталығы,,,,,Bayan Ölgii,,
"Deluun Sum/Дэлүүн сұмыны, Bayan Ölgii",Deluun Sum,Дэлүүн сұмыны,,,,,Bayan Ölgii,,
"Deluun Sum, Bulagt/Дэлүүн сұмыны, Бұлақ, Bayan Ölgii",Deluun Sum,,,"Bulagt, Бұлақ",Дэлүүн сұмыны,,Bayan Ölgii,,
"Deluun Sum center/Дэлүүн сұмын орталығы, Bayan Ölgii",Deluun Sum center,Дэлүүн сұмын орталығы,,,,,Bayan Ölgii,,
"Delvvn Center/Дэлүүн сұмын орталығы, Bayan Ölgii",Delvvn Center,Дэлүүн сұмын орталығы,,,,,Bayan Ölgii,,
"Delvvn Sum/Дэлүүн сұмын, Bayan Ölgii",Delvvn Sum,Дэлүүн сұмын,,,,,Bayan Ölgii,,
"Delvvn Sum, Bulagt/Дэлүүн сұмыны, Бұлақ, Bayan Ölgii",Delvvn Sum,,,"Bulagt, Бұлақ",Дэлүүн сұмыны,,Bayan Ölgii,,
"Delvvn Sum, Bulagt/Дэлүүн сұмын, Бұлақ, Bayan Ölgii",Delvvn Sum,,,"Bulagt, Бұлақ",Дэлүүн сұмын,,Bayan Ölgii,,
"Delvvn Sum center/Дэлүүн сұмын орталығы, Bayan Ölgii",Delvvn Sum center,Дэлүүн сұмын орталығы,,,,,Bayan Ölgii,,
"Delvvn Sum Center /Дэлүүн сұмын орталығы, Bayan Ölgii",Delvvn Sum Center,Дэлүүн сұмын орталығы,,,,,Bayan Ölgii,,
"Khovd/Қобда, Khovd",Khovd,Қобда,,,,,Khovd,,
"Khovd/Қобда, Bayan Ölgii",Khovd,Қобда,,,,,Bayan Ölgii,,
"Khovd Sum/Қобда сұмын, Khovd",Khovd Sum,Қобда сұмын,,,,,Khovd,,
"Khovd Sum, Buyan Bulag/Қобда сұмын, Баян Булаг, Khovd",Khovd Sum,,,"Buyan Bulag, Баян Булаг",Қобда сұмын,,Khovd,,
"Khovd Sum, Orgon Shireg/Қобда сұмын, ӨргӨн Ширэг, Khovd",Khovd Sum,,,"Orgon Shireg, ӨргӨн Ширэг",Қобда сұмын,,Khovd,,
"Khovd Sum, Ortasu/Қобда сұмын, Ортасу, Khovd",Khovd Sum,,,"Ortasu, Ортасу",Қобда сұмын,,Khovd,,
"Khovd Sum, Tsaagaanburgas/Қобда сұмын, Цагаанбургас, Khovd",Khovd Sum,,,"Tsaagaanburgas, Цагаанбургас",Қобда сұмын,,Khovd,,
"Khovd Sum Center/Қобда сұмын  орталығы, Khovd",Khovd Sum Center,Қобда сұмын  орталығы,,,,,Khovd,,
"Khovd Sum Center /Қобда сұмын, Khovd",Khovd Sum Center,Қобда сұмын,,,,,Khovd,,
"near Dayan Lake/Даян көлінің маңы, Bayan Ölgii",near Dayan Lake,Даян көлінің маңы,,,,,Bayan Ölgii,,
"Nogonnuur Sum, Basky Kopir/Ногооннуур сұмын, Басқы Көпір, Bayan Ölgii",Nogonnuur Sum,,,"Basky Kopir, Басқы Көпір",Ногооннуур сұмын,,Bayan Ölgii,,
"Nogoonnur Sum, Khara Mandai/Ногооннуур сұмыны, Қара Маңдай, Bayan Ölgii",Nogoonnur Sum,,,"Khara Mandai, Қара Маңдай",Ногооннуур сұмыны,,Bayan Ölgii,,
"Nogoonnuur, Khara Manday, Koskol/Ногооннуур сұмын, Қара Маңдай, Қоскөл, Bayan Ölgii",Nogoonnuur,,,"Khara Manday, Koskol, Қара Маңдай, Қоскөл",Ногооннуур сұмын,,Bayan Ölgii,,
"Nogoonnuur Sum/Ногооннуур сұмын, Bayan Ölgii",Nogoonnuur Sum,Ногооннуур сұмын,,,,,Bayan Ölgii,,
"Nogoonnuur Sum/Ногооннуур сұмыны, Bayan Ölgii",Nogoonnuur Sum,Ногооннуур сұмыны,,,,,Bayan Ölgii,,
"Nogoonnuur Sum, Baski Kopir/Ногооннуур сұмыны, Басқы Көпір, Bayan Ölgii",Nogoonnuur Sum,,,"Baski Kopir, Басқы Көпір",Ногооннуур сұмыны,,Bayan Ölgii,,
"Nogoonnuur Sum, Basky Kopir/Ногооннуур сұмын, Басқы Көпір, Bayan Ölgii",Nogoonnuur Sum,,,"Basky Kopir, Басқы Көпір",Ногооннуур сұмын,,Bayan Ölgii,,
"Nogoonnuur Sum, Bugat, Toshant/Ногооннуур сұмын, Бұғат, Тошант, Bayan Ölgii",Nogoonnuur Sum,,,"Bugat, Toshant, Бұғат, Тошант",Ногооннуур сұмын,,Bayan Ölgii,,
"Nogoonnuur Sum, Burkitbay Tobe/Ногооннуур сұмын, Бүркітбай Төбе, Bayan Ölgii",Nogoonnuur Sum,,,"Burkitbay Tobe, Бүркітбай Төбе",Ногооннуур сұмын,,Bayan Ölgii,,
"Nogoonnuur Sum, Khara Manday, Bayan Ölgii",Nogoonnuur Sum,,,Khara Manday,,,Bayan Ölgii,,
"Nogoonnuur Sum, Khara Manday, Bastau/Ногооннуур сұмыны, Қара Маңдай, Бастау, Bayan Ölgii",Nogoonnuur Sum,,,"Khara Manday, Bastau, Қара Маңдай, Бастау",Ногооннуур сұмыны,,Bayan Ölgii,,
"Nogoonnuur Sum, Khara Manday, Buyra/Ногооннуур сұмын, Қара Маңдай, Бұйра, Bayan Ölgii",Nogoonnuur Sum,,,"Khara Manday, Buyra, Қара Маңдай, Бұйра",Ногооннуур сұмын,,Bayan Ölgii,,
"Nogoonnuur Sum, Khara Manday, Koskol/Ногооннуур сұмын, Қара Маңдай, Қоскөл, Bayan Ölgii",Nogoonnuur Sum,,,"Khara Manday, Koskol, Қара Маңдай, Қоскөл",Ногооннуур сұмын,,Bayan Ölgii,,
"Nogoonnuur Sum, Khara Manday, Qara Tobe/Ногооннуур сұмын, Қара Маңдай, Қара Төбе, Bayan Ölgii",Nogoonnuur Sum,,,"Khara Manday, Qara Tobe, Қара Маңдай, Қара Төбе",Ногооннуур сұмын,,Bayan Ölgii,,
"Nogoonnuur Sum, Khara Manday /Ногооннуур сұмыны, Қара Маңдай, Bayan Ölgii",Nogoonnuur Sum,,,"Khara Manday, Қара Маңдай",Ногооннуур сұмыны,,Bayan Ölgii,,
"Nogoonnuur Sum, Khara Manday/Ногооннуур сұмыны, Қара Маңдай, Bayan Ölgii",Nogoonnuur Sum,,,"Khara Manday, Қара Маңдай",Ногооннуур сұмыны,,Bayan Ölgii,,
"Nogoonnuur Sum, Khiratbay Tobe/Ногооннуур сұмын, Қиратбай Төбе, Bayan Ölgii",Nogoonnuur Sum,,,"Khiratbay Tobe, Қиратбай Төбе",Ногооннуур сұмын,,Bayan Ölgii,,
"Nogoonnuur Sum, Khiratbey Tobe/Ногооннуур сұмыны, Қиратбай Төбе, Bayan Ölgii",Nogoonnuur Sum,,,"Khiratbey Tobe, Қиратбай Төбе",Ногооннуур сұмыны,,Bayan Ölgii,,
"Nogoonnuur Sum, Kire Jamat/Ногооннуур сұмыны, Кіре Жамат, Bayan Ölgii",Nogoonnuur Sum,,,"Kire Jamat, Кіре Жамат",Ногооннуур сұмыны,,Bayan Ölgii,,
"Nogoonnuur Sum, Shirekt/Ногооннуур сұмын, Ширэг, Bayan Ölgii",Nogoonnuur Sum,,,"Shirekt, Ширэг",Ногооннуур сұмын,,Bayan Ölgii,,
"Nogoonnuur Sum, Shirekt/Ногооннуур сұмыны, Ширэгт, Bayan Ölgii",Nogoonnuur Sum,,,"Shirekt, Ширэгт",Ногооннуур сұмыны,,Bayan Ölgii,,
"Nogoonnuur Sum, Shirekt /Ногооннуур сұмыны, Ширэгт, Bayan Ölgii",Nogoonnuur Sum,,,"Shirekt, Ширэгт",Ногооннуур сұмыны,,Bayan Ölgii,,
"Nogoonnuur Sum, Temir Kopir/Ногооннуур сұмыны, Темір Көпір, Bayan Ölgii",Nogoonnuur Sum,,,"Temir Kopir, Темір Көпір",Ногооннуур сұмыны,,Bayan Ölgii,,
"Nogoonnuur Sum, Temir Kopir/Ногооннуур сұмын, Темір Көпір, Bayan Ölgii",Nogoonnuur Sum,,,"Temir Kopir, Темір Көпір",Ногооннуур сұмын,,Bayan Ölgii,,
"Nogoonnuur Sum, Temir Kopir. /Ногооннуур сұмын, Темір Көпір, Bayan Ölgii",Nogoonnuur Sum,,,"Temir Kopir., Темір Көпір",Ногооннуур сұмын,,Bayan Ölgii,,
"Nogoonnuur Sum, Toshant/Ногооннуур сұмын, Бұғат, Тошант, Bayan Ölgii",Nogoonnuur Sum,,,"Toshant, Бұғат, Тошант",Ногооннуур сұмын,,Bayan Ölgii,,
"Nogoonnuur Sum, Toshant/Ногооннуур сұмыны, Тошант, Bayan Ölgii",Nogoonnuur Sum,,,"Toshant, Тошант",Ногооннуур сұмыны,,Bayan Ölgii,,
"Nogoonnuur Sum, Zoolon/Ногооннуур сұмыны, Зөөлөн, Bayan Ölgii",Nogoonnuur Sum,,,"Zoolon, Зөөлөн",Ногооннуур сұмыны,,Bayan Ölgii,,
"Nogoonnuur Sum, Zoolon/Ногооннуур сұмын, Зөөлөн, Bayan Ölgii",Nogoonnuur Sum,,,"Zoolon, Зөөлөн",Ногооннуур сұмын,,Bayan Ölgii,,
"Nogoonnuur Sum Baski Kopir/Ногооннуур сұмыны, Басқы Көпір, Bayan Ölgii",Nogoonnuur Sum Baski Kopir,Ногооннуур сұмыны,,Басқы Көпір,,,Bayan Ölgii,,
"Nogoonuur Sum, Khara Manday/Ногооннуур сұмыны, Қара Маңдай, Bayan Ölgii",Nogoonuur Sum,,,"Khara Manday, Қара Маңдай",Ногооннуур сұмыны,,Bayan Ölgii,,
"Recorded in Nogoonnuur Sum, Khara Manday, Koskol./Ногооннуур сұмын, Қара Маңдай, Қоскөл, Bayan Ölgii",Recorded in Nogoonnuur Sum,,,"Khara Manday, Koskol., Қара Маңдай, Қоскөл",Ногооннуур сұмын,,Bayan Ölgii,,
"Sagsai, Dayan/Сагсай, Даян, Bayan Ölgii",Sagsai,,,"Dayan, Даян",Сагсай,,Bayan Ölgii,,
"Sagsai center/Сагсай орталығы, Bayan Ölgii",Sagsai center,Сагсай орталығы,,,,,Bayan Ölgii,,
"Sagsai Sum, Dayan/Сагсай сұмыны, Даян, Bayan Ölgii",Sagsai Sum,,,"Dayan, Даян",Сагсай сұмыны,,Bayan Ölgii,,
"Sagsai Sum Center, Bayan Ölgii",Sagsai Sum Center,,,,,,Bayan Ölgii,,
"Sagsai Sum Center/Сагсай сұмын орталығы, Bayan Ölgii",Sagsai Sum Center,Сагсай сұмын орталығы,,,,,Bayan Ölgii,,
"Sagsay Sum/Сагсай сұмыны, Bayan Ölgii",Sagsay Sum,Сагсай сұмыны,,,,,Bayan Ölgii,,
"Sagsay Sum/Сагсай сұмын, Bayan Ölgii",Sagsay Sum,Сагсай сұмын,,,,,Bayan Ölgii,,
"Sagsay Sum, Akkhorim/Сагсай сұмын, Аққорым, Bayan Ölgii",Sagsay Sum,,,"Akkhorim, Аққорым",Сагсай сұмын,,Bayan Ölgii,,
"Sagsay Sum, Arkhalykh/Сагсай сұмын, Арқалық, Bayan Ölgii",Sagsay Sum,,,"Arkhalykh, Арқалық",Сагсай сұмын,,Bayan Ölgii,,
"Sagsay Sum, Dayan Arkhalykh, Bayan Ölgii",Sagsay Sum,,,Dayan Arkhalykh,,,Bayan Ölgii,,
"Sagsay Sum, Dayan Esik/Сагсай сұмыны, Даян Есік, Bayan Ölgii",Sagsay Sum,,,"Dayan Esik, Даян Есік",Сагсай сұмыны,,Bayan Ölgii,,
"Sagsay Sum, Dayan Esik/Сагсай сұмын, Даян Есік, Bayan Ölgii",Sagsay Sum,,,"Dayan Esik, Даян Есік",Сагсай сұмын,,Bayan Ölgii,,
"Sagsay Sum, Eki Boken/Сагсай сұмыны, Екібөкен, Bayan Ölgii",Sagsay Sum,,,"Eki Boken, Екібөкен",Сагсай сұмыны,,Bayan Ölgii,,
"Sagsay Sum, Ekiboken/Сагсай сұмын, Екібөкен, Bayan Ölgii",Sagsay Sum,,,"Ekiboken, Екібөкен",Сагсай сұмын,,Bayan Ölgii,,
"Sagsay Sum, Jalanash/Сагсай сұмын, Жалаңаш, Bayan Ölgii",Sagsay Sum,,,"Jalanash, Жалаңаш",Сагсай сұмын,,Bayan Ölgii,,
"Sagsay Sum, Turgan/Сагсай сұмын, Тұрған, Bayan Ölgii",Sagsay Sum,,,"Turgan, Тұрған",Сагсай сұмын,,Bayan Ölgii,,
"Sagsay Sum Center/Сагсай сұмын орталығы, Bayan Ölgii",Sagsay Sum Center,Сагсай сұмын орталығы,,,,,Bayan Ölgii,,
"Tsagaannuur Tosgon/Цагааннуур тосгон, Bayan Ölgii",Tsagaannuur Tosgon,Цагааннуур тосгон,,,,,Bayan Ölgii,,
"Tsagaannuur Tosgon /Цагааннуур тосгон, Bayan Ölgii",Tsagaannuur Tosgon,Цагааннуур тосгон,,,,,Bayan Ölgii,,
"Tsagaannuur Tosgon, Ortakul/Цагааннуур тосгон , Ортақұл, Bayan Ölgii",Tsagaannuur Tosgon,,,"Ortakul, Ортақұл",Цагааннуур тосгон,,Bayan Ölgii,,
"Tsagaannuur Tosgon Center/Цагааннуур тосгон  орталығы, Bayan Ölgii",Tsagaannuur Tosgon Center,Цагааннуур тосгон  орталығы,,,,,Bayan Ölgii,,
"Ulaankhus, Sogaq/Улаанхус сұмыны, Соғақ, Bayan Ölgii",Ulaankhus,,,"Sogaq, Соғақ",Улаанхус сұмыны,,Bayan Ölgii,,
"Ulaankhus Sum/Улаанхус сұмын, Bayan Ölgii",Ulaankhus Sum,Улаанхус сұмын,,,,,Bayan Ölgii,,
"Ulaankhus Sum, Baige Tobe/Улаанхус, Бәйге Төбе, Bayan Ölgii",Ulaankhus Sum,,,"Baige Tobe, Бәйге Төбе",Улаанхус,,Bayan Ölgii,,
"Ulaankhus Sum, Sogaq/Улаанхус сұмыны, Соғақ, Bayan Ölgii",Ulaankhus Sum,,,"Sogaq, Соғақ",Улаанхус сұмыны,,Bayan Ölgii,,
"Ulaankhus Sum, Sogaq/Улаанхус сұмын, Соғақ, Bayan Ölgii",Ulaankhus Sum,,,"Sogaq, Соғақ",Улаанхус сұмын,,Bayan Ölgii,,
"Ulaankhus Sum, Tasty Bulaq/Улаанхус сұмын, Тасты Бұлақ, Bayan Ölgii",Ulaankhus Sum,,,"Tasty Bulaq, Тасты Бұлақ",Улаанхус сұмын,,Bayan Ölgii,,
"Ulaankhus Sum, Tasty Bylaq, Bayan Ölgii",Ulaankhus Sum,,,Tasty Bylaq,,,Bayan Ölgii,,
"Ulaankhus Sum, Tasty Bylaq/Улаанхус сұмыны, Тасты Бұлақ, Bayan Ölgii",Ulaankhus Sum,,,"Tasty Bylaq, Тасты Бұлақ",Улаанхус сұмыны,,Bayan Ölgii,,
"Ölgii/Өлгей, Bayan Ölgii",Ölgii,Өлгей,,,,,Bayan Ölgii,,
"Ölgii/Ölgii, Bayan Ölgii",Ölgii,Ölgii,,,,,Bayan Ölgii,,
"Ölgii city/Өлгей қаласы, Bayan Ölgii",Ölgii city,Өлгей қаласы,,,,,Bayan Ölgii,,
"Ölgii Sum/Өлгей сұмын, Bayan Ölgii",Ölgii Sum,Өлгей сұмын,,,,,Bayan Ölgii,,
